Workbook

Sheet Components
A1: Name | B1: DataSheet | C1: Enable | D1: Weight | E1: Analyzer | F1: args | G1: Notes/Source
A2: NationalPrevalence | B2: NationalPrevalence | C2: 1 | D2: 1 | E2: NationalPrevalenceAnalyzer | G2: DHS, ZIMPHIA
A3: ProvincialPrevalence | B3: ProvincialPrevalence | C3: 0 | D3: 1 | E3: ProvincialPrevalenceAnalyzer | G3: DHS, ZIMPHIA
A4: ProvincialART | B4: On_ART | C4: 0 | D4: 1 | E4: ProvincialARTAnalyzer | G4: DHS
A5: Incidence | B5: Incidence | C5: 0 | D5: 1 | E5: IncidenceAnalyzer | G5: ZIMPHIA
A6: Suppression | B6: Suppression | C6: 0 | D6: 1 | E6: SuppressionByAgeGenderAnalyzer | F6: { "male_suppression": 0.841, "female_suppression": 0.879 } | G6: ZIMPHIA, ages 15-65 for fraction suppressed by gender
A7: Diagnosis | B7: Diagnosed | C7: 0 | D7: 1 | E7: DiagnosisAnalyzer
A8: ProvincialANCPrevalence | B8: ANCPrevalence | C8: 0 | D8: 1 | E8: ProvincialANCAnalyzer
A9: Population | B9: Population | C9: 0 | D9: 1 | E9: PopulationAnalyzer | G9: Census 2012 | H9: http://www.statoids.com/uzw.html

Sheet NationalPrevalence
A1: Year | B1: Source | C1: Gender | D1: AgeBin | E1: NationalPrevalence | F1: Count | G1: Alpha | H1: Beta | I1: Low | J1: High | K1: Var | L1: BetaVar
A2: 2013.5 | B2: SEARCH | C2: Male | D2: [15, 20) | E2: 0.427991 | F2: 14019 | G2: =1 + E2/100*F2 -> 61.000058 | H2: =1 + (1-E2/100)*F2 -> 13960
A3: 2013.5 | B3: SEARCH | C3: Male | D3: [20, 25) | E3: 1.983562 | F3: 9125 | G3: =1 + E3/100*F3 -> 182.00003 | H3: =1 + (1-E3/100)*F3 -> 8945
A4: 2013.5 | B4: SEARCH | C4: Male | D4: [25, 30) | E4: 7.265233 | F4: 7763 | G4: =1 + E4/100*F4 -> 565.00004 | H4: =1 + (1-E4/100)*F4 -> 7200
A5: 2013.5 | B5: SEARCH | C5: Male | D5: [30, 35) | E5: 12.349075 | F5: 6543 | G5: =1 + E5/100*F5 -> 808.99998 | H5: =1 + (1-E5/100)*F5 -> 5736
A6: 2013.5 | B6: SEARCH | C6: Male | D6: [35, 40) | E6: 15.441447 | F6: 5414 | G6: =1 + E6/100*F6 -> 836.99994 | H6: =1 + (1-E6/100)*F6 -> 4579.0001
A7: 2013.5 | B7: SEARCH | C7: Male | D7: [40, 45) | E7: 14.574645 | F7: 4796 | G7: =1 + E7/100*F7 -> 699.99997 | H7: =1 + (1-E7/100)*F7 -> 4098
A8: 2013.5 | B8: SEARCH | C8: Male | D8: [45, 50) | E8: 14.314286 | F8: 3500 | G8: =1 + E8/100*F8 -> 502.00001 | H8: =1 + (1-E8/100)*F8 -> 3000
A9: 2013.5 | B9: SEARCH | C9: Male | D9: [50, 55) | E9: 11.970941 | F9: 3166 | G9: =1 + E9/100*F9 -> 379.99999 | H9: =1 + (1-E9/100)*F9 -> 2788
A10: 2013.5 | B10: SEARCH | C10: Female | D10: [15, 20) | E10: 2.436079 | F10: 14080 | G10: =1 + E10/100*F10 -> 343.99992 | H10: =1 + (1-E10/100)*F10 -> 13738
A11: 2013.5 | B11: SEARCH | C11: Female | D11: [20, 25) | E11: 8.498678 | F11: 12096 | G11: =1 + E11/100*F11 -> 1029.0001 | H11: =1 + (1-E11/100)*F11 -> 11069
A12: 2013.5 | B12: SEARCH | C12: Female | D12: [25, 30) | E12: 16.326724 | F12: 10590 | G12: =1 + E12/100*F12 -> 1730.0001 | H12: =1 + (1-E12/100)*F12 -> 8861.9999
A13: 2013.5 | B13: SEARCH | C13: Female | D13: [30, 35) | E13: 16.721272 | F13: 8546 | G13: =1 + E13/100*F13 -> 1429.9999 | H13: =1 + (1-E13/100)*F13 -> 7118.0001
... A17: 2013.5 | B17: SEARCH | C17: Female | D17: [50, 55) | E17: 11.833192 | F17: 4724 | G17: =1 + E17/100*F17 -> 559.99999 | H17: =1 + (1-E17/100)*F17 -> 4166

Sheet ProvincialPrevalence
A1: Year | B1: Source | C1: Province | D1: Gender | E1: AgeBin | F1: ProvincialPrevalence | G1: Count | H1: Low | I1: High | J1: Var | K1: Alpha | L1: Beta | M1: BetaVar
A2: 2003 | B2: SEARCH | C2: ControlHighPrevalence | D2: Female | E2: [15, 50) | F2: 18.3 | G2: 432 | H2: =100*_xlfn.BETA.INV(0.025, 1+ProvincialPrevalence!G2*ProvincialPrevalence!F2/100, 1+ProvincialPrevalence!G2*(1-ProvincialPrevalence!F2/100)) -> 14.942645 | I2: =100*_xlfn.BETA.INV(0.975, 1+ProvincialPrevalence!G2*ProvincialPrevalence!F2/100, 1+ProvincialPrevalence!G2*(1-ProvincialPrevalence!F2/100)) -> 22.224885 | K2: =1 + F2/100*G2 -> 80.056 | L2: =1 + (1-F2/100)*G2 -> 353.944
A3: 2003 | B3: SEARCH | C3: InterventionHighPrevalence | D3: Female | E3: [15, 50) | F3: 18.3 | G3: 432 | H3: =100*_xlfn.BETA.INV(0.025, 1+ProvincialPrevalence!G3*ProvincialPrevalence!F3/100, 1+ProvincialPrevalence!G3*(1-ProvincialPrevalence!F3/100)) -> 14.942645 | I3: =100*_xlfn.BETA.INV(0.975, 1+ProvincialPrevalence!G3*ProvincialPrevalence!F3/100, 1+ProvincialPrevalence!G3*(1-ProvincialPrevalence!F3/100)) -> 22.224885 | K3: =1 + F3/100*G3 -> 80.056 | L3: =1 + (1-F3/100)*G3 -> 353.944
A4: 2003 | B4: SEARCH | C4: ControlHighPrevalence | D4: Male | E4: [15, 50) | F4: 11.6 | G4: 376 | H4: =100*_xlfn.BETA.INV(0.025, 1+ProvincialPrevalence!G4*ProvincialPrevalence!F4/100, 1+ProvincialPrevalence!G4*(1-ProvincialPrevalence!F4/100)) -> 8.7521394 | I4: =100*_xlfn.BETA.INV(0.975, 1+ProvincialPrevalence!G4*ProvincialPrevalence!F4/100, 1+ProvincialPrevalence!G4*(1-ProvincialPrevalence!F4/100)) -> 15.236691 | K4: =1 + F4/100*G4 -> 44.616 | L4: =1 + (1-F4/100)*G4 -> 333.384
A5: 2003 | B5: SEARCH | C5: InterventionHighPrevalence | D5: Male | E5: [15, 50) | F5: 11.6 | G5: 376 | H5: =100*_xlfn.BETA.INV(0.025, 1+ProvincialPrevalence!G5*ProvincialPrevalence!F5/100, 1+ProvincialPrevalence!G5*(1-ProvincialPrevalence!F5/100)) -> 8.7521394 | I5: =100*_xlfn.BETA.INV(0.975, 1+ProvincialPrevalence!G5*ProvincialPrevalence!F5/100, 1+ProvincialPrevalence!G5*(1-ProvincialPrevalence!F5/100)) -> 15.236691 | K5: =1 + F5/100*G5 -> 44.616 | L5: =1 + (1-F5/100)*G5 -> 333.384
A6: 2004 | B6: SEARCH | C6: ControlLowPrevalence | D6: Female | E6: [15, 50) | F6: 6.2 | G6: 813 | H6: =100*_xlfn.BETA.INV(0.025, 1+ProvincialPrevalence!G6*ProvincialPrevalence!F6/100, 1+ProvincialPrevalence!G6*(1-ProvincialPrevalence!F6/100)) -> 4.7437164 | I6: =100*_xlfn.BETA.INV(0.975, 1+ProvincialPrevalence!G6*ProvincialPrevalence!F6/100, 1+ProvincialPrevalence!G6*(1-ProvincialPrevalence!F6/100)) -> 8.0741426 | K6: =1 + F6/100*G6 -> 51.406 | L6: =1 + (1-F6/100)*G6 -> 763.594
A7: 2004 | B7: SEARCH | C7: ControlMediumPrevalence | D7: Female | E7: [15, 50) | F7: 7.1 | G7: 1232 | H7: =100*_xlfn.BETA.INV(0.025, 1+ProvincialPrevalence!G7*ProvincialPrevalence!F7/100, 1+ProvincialPrevalence!G7*(1-ProvincialPrevalence!F7/100)) -> 5.7977933 | I7: =100*_xlfn.BETA.INV(0.975, 1+ProvincialPrevalence!G7*ProvincialPrevalence!F7/100, 1+ProvincialPrevalence!G7*(1-ProvincialPrevalence!F7/100)) -> 8.6726855 | K7: =1 + F7/100*G7 -> 88.472 | L7: =1 + (1-F7/100)*G7 -> 1145.528
A8: 2004 | B8: SEARCH | C8: InterventionLowPrevalence | D8: Female | E8: [15, 50) | F8: 6.2 | G8: 813 | H8: =100*_xlfn.BETA.INV(0.025, 1+ProvincialPrevalence!G8*ProvincialPrevalence!F8/100, 1+ProvincialPrevalence!G8*(1-ProvincialPrevalence!F8/100)) -> 4.7437164 | I8: =100*_xlfn.BETA.INV(0.975, 1+ProvincialPrevalence!G8*ProvincialPrevalence!F8/100, 1+ProvincialPrevalence!G8*(1-ProvincialPrevalence!F8/100)) -> 8.0741426 | K8: =1 + F8/100*G8 -> 51.406 | L8: =1 + (1-F8/100)*G8 -> 763.594
A9: 2004 | B9: SEARCH | C9: InterventionMediumPrevalence | D9: Female | E9: [15, 50) | F9: 7.1 | G9: 1232 | H9: =100*_xlfn.BETA.INV(0.025, 1+ProvincialPrevalence!G9*ProvincialPrevalence!F9/100, 1+ProvincialPrevalence!G9*(1-ProvincialPrevalence!F9/100)) -> 5.7977933 | I9: =100*_xlfn.BETA.INV(0.975, 1+ProvincialPrevalence!G9*ProvincialPrevalence!F9/100, 1+ProvincialPrevalence!G9*(1-ProvincialPrevalence!F9/100)) -> 8.6726855 | K9: =1 + F9/100*G9 -> 88.472 | L9: =1 + (1-F9/100)*G9 -> 1145.528
A10: 2004 | B10: SEARCH | C10: ControlLowPrevalence | D10: Male | E10: [15, 50) | F10: 4.4 | G10: 724 | H10: =100*_xlfn.BETA.INV(0.025, 1+ProvincialPrevalence!G10*ProvincialPrevalence!F10/100, 1+ProvincialPrevalence!G10*(1-ProvincialPrevalence!F10/100)) -> 3.1369652 | I10: =100*_xlfn.BETA.INV(0.975, 1+ProvincialPrevalence!G10*ProvincialPrevalence!F10/100, 1+ProvincialPrevalence!G10*(1-ProvincialPrevalence!F10/100)) -> 6.1511438 | K10: =1 + F10/100*G10 -> 32.856 | L10: =1 + (1-F10/100)*G10 -> 693.144
A11: 2004 | B11: SEARCH | C11: ControlMediumPrevalence | D11: Male | E11: [15, 50) | F11: 4.4 | G11: 952 | H11: =100*_xlfn.BETA.INV(0.025, 1+ProvincialPrevalence!G11*ProvincialPrevalence!F11/100, 1+ProvincialPrevalence!G11*(1-ProvincialPrevalence!F11/100)) -> 3.2742627 | I11: =100*_xlfn.BETA.INV(0.975, 1+ProvincialPrevalence!G11*ProvincialPrevalence!F11/100, 1+ProvincialPrevalence!G11*(1-ProvincialPrevalence!F11/100)) -> 5.8973888 | K11: =1 + F11/100*G11 -> 42.888 | L11: =1 + (1-F11/100)*G11 -> 911.112
A12: 2004 | B12: SEARCH | C12: InterventionLowPrevalence | D12: Male | E12: [15, 50) | F12: 4.4 | G12: 724 | H12: =100*_xlfn.BETA.INV(0.025, 1+ProvincialPrevalence!G12*ProvincialPrevalence!F12/100, 1+ProvincialPrevalence!G12*(1-ProvincialPrevalence!F12/100)) -> 3.1369652 | I12: =100*_xlfn.BETA.INV(0.975, 1+ProvincialPrevalence!G12*ProvincialPrevalence!F12/100, 1+ProvincialPrevalence!G12*(1-ProvincialPrevalence!F12/100)) -> 6.1511438 | K12: =1 + F12/100*G12 -> 32.856 | L12: =1 + (1-F12/100)*G12 -> 693.144
A13: 2004 | B13: SEARCH | C13: InterventionMediumPrevalence | D13: Male | E13: [15, 50) | F13: 4.4 | G13: 952 | H13: =100*_xlfn.BETA.INV(0.025, 1+ProvincialPrevalence!G13*ProvincialPrevalence!F13/100, 1+ProvincialPrevalence!G13*(1-ProvincialPrevalence!F13/100)) -> 3.2742627 | I13: =100*_xlfn.BETA.INV(0.975, 1+ProvincialPrevalence!G13*ProvincialPrevalence!F13/100, 1+ProvincialPrevalence!G13*(1-ProvincialPrevalence!F13/100)) -> 5.8973888 | K13: =1 + F13/100*G13 -> 42.888 | L13: =1 + (1-F13/100)*G13 -> 911.112
... A37: 2013.5 | B37: SEARCH | C37: InterventionHighPrevalence | D37: Male | E37: [15, 50) | F37: 14.12 | G37: 8157 | H37: =100*_xlfn.BETA.INV(0.025, 1+ProvincialPrevalence!G37*ProvincialPrevalence!F37/100, 1+ProvincialPrevalence!G37*(1-ProvincialPrevalence!F37/100)) -> 13.381425 | I37: =100*_xlfn.BETA.INV(0.975, 1+ProvincialPrevalence!G37*ProvincialPrevalence!F37/100, 1+ProvincialPrevalence!G37*(1-ProvincialPrevalence!F37/100)) -> 14.892821 | K37: =1 + F37/100*G37 -> 1152.7684 | L37: =1 + (1-F37/100)*G37 -> 7006.2316
A39: 2003 | B39: DHS | C39: Homa_Bay | D39: Male | E39: [15, 50) | F39: 10.971605
A40: 2007 | B40: KAIS | C40: Homa_Bay | D40: Male | E40: [15, 50) | F40: 25.139322
A41: 2009 | B41: DHS | C41: Homa_Bay | D41: Male | E41: [15, 50) | F41: 17.36657
A42: 2012 | B42: KAIS | C42: Homa_Bay | D42: Male | E42: [15, 50) | F42: 22.170241
A43: 2013.5 | B43: SEARCH | C43: ControlHighPrevalence | D43: Male | E43: [15, 50) | F43: 16.83 | G43: 14.12
A44: 2003 | B44: DHS | C44: Homa_Bay | D44: Female | E44: [15, 50) | F44: 24.576785
A45: 2007 | B45: KAIS | C45: Homa_Bay | D45: Female | E45: [15, 50) | F45: 32.590556
A46: 2009 | B46: DHS | C46: Homa_Bay | D46: Female | E46: [15, 50) | F46: 25.243052
A47: 2012 | B47: KAIS | C47: Homa_Bay | D47: Female | E47: [15, 50) | F47: 27.868743
A48: 2013.5 | B48: SEARCH | C48: ControlHighPrevalence | D48: Female | E48: [15, 50) | F48: 26.72 | G48: 25.57
A49: 2004 | B49: SEARCH | C49: ControlLowPrevalence | D49: Female | E49: [15, 50) | F49: 6.2

Sheet On_ART
A1: Source | B1: Year | C1: Province | D1: Gender | E1: AgeBin | F1: On_ART | G1: Low | H1: High
A2: SEARCH | B2: 2002 | C2: ControlLowPrevalence | D2: Male | E2: [15, 100) | F2: 0 | G2: =F2-2*SQRT(F2) -> 0 | H2: =F2+2*SQRT(F2) -> 0
A3: SEARCH | B3: 2002 | C3: ControlMediumPrevalence | D3: Male | E3: [15, 100) | F3: 0 | G3: =F3-2*SQRT(F3) -> 0 | H3: =F3+2*SQRT(F3) -> 0
A4: SEARCH | B4: 2002 | C4: ControlHighPrevalence | D4: Male | E4: [15, 100) | F4: 0 | G4: =F4-2*SQRT(F4) -> 0 | H4: =F4+2*SQRT(F4) -> 0
A5: SEARCH | B5: 2002 | C5: InterventionLowPrevalence | D5: Male | E5: [15, 100) | F5: 0 | G5: =F5-2*SQRT(F5) -> 0 | H5: =F5+2*SQRT(F5) -> 0
A6: SEARCH | B6: 2002 | C6: InterventionMediumPrevalence | D6: Male | E6: [15, 100) | F6: 0 | G6: =F6-2*SQRT(F6) -> 0 | H6: =F6+2*SQRT(F6) -> 0
A7: SEARCH | B7: 2002 | C7: InterventionHighPrevalence | D7: Male | E7: [15, 100) | F7: 0 | G7: =F7-2*SQRT(F7) -> 0 | H7: =F7+2*SQRT(F7) -> 0
A8: SEARCH | B8: 2002 | C8: ControlLowPrevalence | D8: Female | E8: [15, 100) | F8: 0 | G8: =F8-2*SQRT(F8) -> 0 | H8: =F8+2*SQRT(F8) -> 0
A9: SEARCH | B9: 2002 | C9: ControlMediumPrevalence | D9: Female | E9: [15, 100) | F9: 0 | G9: =F9-2*SQRT(F9) -> 0 | H9: =F9+2*SQRT(F9) -> 0
A10: SEARCH | B10: 2002 | C10: ControlHighPrevalence | D10: Female | E10: [15, 100) | F10: 0 | G10: =F10-2*SQRT(F10) -> 0 | H10: =F10+2*SQRT(F10) -> 0
A11: SEARCH | B11: 2002 | C11: InterventionLowPrevalence | D11: Female | E11: [15, 100) | F11: 0 | G11: =F11-2*SQRT(F11) -> 0 | H11: =F11+2*SQRT(F11) -> 0
A12: SEARCH | B12: 2002 | C12: InterventionMediumPrevalence | D12: Female | E12: [15, 100) | F12: 0 | G12: =F12-2*SQRT(F12) -> 0 | H12: =F12+2*SQRT(F12) -> 0
A13: SEARCH | B13: 2002 | C13: InterventionHighPrevalence | D13: Female | E13: [15, 100) | F13: 0 | G13: =F13-2*SQRT(F13) -> 0 | H13: =F13+2*SQRT(F13) -> 0
... A25: SEARCH | B25: 2013.5 | C25: InterventionHighPrevalence | D25: Female | E25: [15, 100) | F25: 1807 | G25: =F25-2*SQRT(F25) -> 1721.9824 | H25: =F25+2*SQRT(F25) -> 1892.0176

Sheet Population
A1: Year | B1: Province | C1: Gender | D1: AgeBin | E1: Population
A2: 2013.5 | B2: ControlLowPrevalence | C2: Male | D2: [0, 5) | E2: 5790
A3: 2013.5 | B3: ControlLowPrevalence | C3: Male | D3: [5, 10) | E3: 5324
A4: 2013.5 | B4: ControlLowPrevalence | C4: Male | D4: [10, 15) | E4: 4891
A5: 2013.5 | B5: ControlLowPrevalence | C5: Male | D5: [15, 20) | E5: 2893
A6: 2013.5 | B6: ControlLowPrevalence | C6: Male | D6: [20, 25) | E6: 1856
A7: 2013.5 | B7: ControlLowPrevalence | C7: Male | D7: [25, 30) | E7: 1385
A8: 2013.5 | B8: ControlLowPrevalence | C8: Male | D8: [30, 35) | E8: 1162
A9: 2013.5 | B9: ControlLowPrevalence | C9: Male | D9: [35, 40) | E9: 1017
A10: 2013.5 | B10: ControlLowPrevalence | C10: Male | D10: [40, 45) | E10: 991
A11: 2013.5 | B11: ControlLowPrevalence | C11: Male | D11: [45, 50) | E11: 706
A12: 2013.5 | B12: ControlLowPrevalence | C12: Male | D12: [50, 55) | E12: 680
A13: 2013.5 | B13: ControlLowPrevalence | C13: Male | D13: [55, 60) | E13: 383
... A169: 2013.5 | B169: InterventionHighPrevalence | C169: Female | D169: [65, 100) | E169: 1420
A170: 2013.5 | B170: All | C170: Both | D170: [0, 100) | E170: =SUM(E2:E169) -> 303501

Sheet On ART
A1: Year | B1: Province | C1: Gender | D1: AgeBin | E1: On_ART | F1: Low | G1: High
A2: 2013.5 | B2: ControlLowPrevalence | C2: Male | D2: [15, 100) | E2: 155 | F2: =E2-2*SQRT(E2) -> 130.1002 | G2: =E2+2*SQRT(E2) -> 179.8998
A3: 2013.5 | B3: ControlMediumPrevalence | C3: Male | D3: [15, 100) | E3: 213 | F3: =E3-2*SQRT(E3) -> 183.81096 | G3: =E3+2*SQRT(E3) -> 242.18904
A4: 2013.5 | B4: ControlHighPrevalence | C4: Male | D4: [15, 100) | E4: 805 | F4: =E4-2*SQRT(E4) -> 748.25496 | G4: =E4+2*SQRT(E4) -> 861.74504
A5: 2013.5 | B5: InterventionLowPrevalence | C5: Male | D5: [15, 100) | E5: 63 | F5: =E5-2*SQRT(E5) -> 47.125492 | G5: =E5+2*SQRT(E5) -> 78.874508
A6: 2013.5 | B6: InterventionMediumPrevalence | C6: Male | D6: [15, 100) | E6: 248 | F6: =E6-2*SQRT(E6) -> 216.50397 | G6: =E6+2*SQRT(E6) -> 279.49603
A7: 2013.5 | B7: InterventionHighPrevalence | C7: Male | D7: [15, 100) | E7: 908 | F7: =E7-2*SQRT(E7) -> 847.73392 | G7: =E7+2*SQRT(E7) -> 968.26608
A8: 2013.5 | B8: ControlLowPrevalence | C8: Female | D8: [15, 100) | E8: 321 | F8: =E8-2*SQRT(E8) -> 285.16705 | G8: =E8+2*SQRT(E8) -> 356.83295
A9: 2013.5 | B9: ControlMediumPrevalence | C9: Female | D9: [15, 100) | E9: 458 | F9: =E9-2*SQRT(E9) -> 415.19813 | G9: =E9+2*SQRT(E9) -> 500.80187
A10: 2013.5 | B10: ControlHighPrevalence | C10: Female | D10: [15, 100) | E10: 1438 | F10: =E10-2*SQRT(E10) -> 1362.1581 | G10: =E10+2*SQRT(E10) -> 1513.8419
A11: 2013.5 | B11: InterventionLowPrevalence | C11: Female | D11: [15, 100) | E11: 179 | F11: =E11-2*SQRT(E11) -> 152.24182 | G11: =E11+2*SQRT(E11) -> 205.75818
A12: 2013.5 | B12: InterventionMediumPrevalence | C12: Female | D12: [15, 100) | E12: 607 | F12: =E12-2*SQRT(E12) -> 557.72526 | G12: =E12+2*SQRT(E12) -> 656.27474
A13: 2013.5 | B13: InterventionHighPrevalence | C13: Female | D13: [15, 100) | E13: 1807 | F13: =E13-2*SQRT(E13) -> 1721.9824 | G13: =E13+2*SQRT(E13) -> 1892.0176
